PN;48;63;83;93;119;128;160;210;255
;EZ-001S-3C;EZ-002S-3C;EZ-003S-3C;EZ-003S-3C;;;;;
;EZ-001S-3C;EZ-002S-3C;EZ-003S-3C;EZ-003S-3C;;;;;
140050-11000SSRR-NN;EZ-001S-3C;EZ-002S-3C;EZ-003S-3C;EZ-003S-3C;;;;;
140075-11000SSRR-NN;EZ-001S-3C;EZ-002S-3C;EZ-003S-3C;EZ-003S-3C;;;;;
140100-11000SSRR-NN;EZ-008S-3C;EZ-008S-3C;EZ-009S-3C;EZ-009S-3C;;;;;
;EZ-008S-3C;EZ-008S-3C;EZ-009S-3C;EZ-009S-3C;;;;;
140150-11000SSRR-NN;EZ-004S-3C;EZ-004S-3C;EZ-005S-3C;EZ-005S-3C;EZ-010S-3C;EZ-010S-3C;EZ-010S-3C;;
140200-11000SSRR-NN;EZ-004S-3C;EZ-004S-3C;EZ-005S-3C;EZ-005S-3C;EZ-010S-3C;EZ-010S-3C;EZ-010S-3C;;
140250-11000SSRR-NN;;;EZ-018S-3;EZ-018S-3;EZ-019S-3C;EZ-019S-3C;EZ-056S-2;;
140300-11000SSRR-NN;;;EZ-011S-3;EZ-011S-3;EZ-012S-3;EZ-012S-3;EZ-012S-3;EZ-013S-3;
140400-11000SSRR-NN;;;;;EZ-012S-3;EZ-012S-3;EZ-012S-3;EZ-013S-3;
;;;;;;;EZ-014S-3;EZ-015S-3;
;;;;;;;;EZ-015S-3;
;EZ-001S-3C;EZ-002S-3C;EZ-003S-3C;EZ-003S-3C;;;;;
;EZ-001S-3C;EZ-002S-3C;EZ-003S-3C;EZ-003S-3C;;;;;
140050-11000CSRR-NN;EZ-001S-3C;EZ-002S-3C;EZ-003S-3C;EZ-003S-3C;;;;;
140075-11000CSRR-NN;EZ-001S-3C;EZ-002S-3C;EZ-003S-3C;EZ-003S-3C;;;;;
140100-11000CSRR-NN;EZ-008S-3C;EZ-008S-3C;EZ-009S-3C;EZ-009S-3C;;;;;
;EZ-008S-3C;EZ-008S-3C;EZ-009S-3C;EZ-009S-3C;;;;;
140150-11000CSRR-NN;EZ-004S-3C;EZ-004S-3C;EZ-005S-3C;EZ-005S-3C;EZ-010S-3C;EZ-010S-3C;EZ-010S-3C;;
140200-11000CSRR-NN;EZ-004S-3C;EZ-004S-3C;EZ-005S-3C;EZ-005S-3C;EZ-010S-3C;EZ-010S-3C;EZ-010S-3C;;
140250-11000CSRR-NN;;;EZ-018S-3;EZ-018S-3;EZ-019S-3C;EZ-019S-3C;EZ-056S-2;;
140300-11000CSRR-NN;;;EZ-011S-3;EZ-011S-3;EZ-012S-3;EZ-012S-3;EZ-012S-3;;
140400-11000CSRR-NN;;;;;EZ-012S-3;EZ-012S-3;EZ-012S-3;EZ-013S-3;
;;;;;;;EZ-014S-3;EZ-015S-3;
;;;;;;;;EZ-015S-3;
;EZ-002S-3C;EZ-002S-3C;EZ-003S-3C;EZ-003S-3C;;;;;
;EZ-002S-3C;EZ-002S-3C;EZ-003S-3C;EZ-003S-3C;;;;;
150100-11000CSJR-NN;EZ-008S-3C;EZ-008S-3C;EZ-009S-3C;EZ-009S-3C;EZ-021S-3;EZ-021S-3;EZ-060S-3;;
150150-11000CSJR-NN;EZ-004S-3C;EZ-004S-3C;EZ-005S-3C;EZ-005S-3C;EZ-010S-3C;EZ-010S-3C;EZ-059S-3;;
150200-11000CSJR-NN;EZ-004S-3C;EZ-004S-3C;EZ-005S-3C;EZ-005S-3C;EZ-010S-3C;EZ-010S-3C;EZ-059S-3;;
150250-11000CSJR-NN;;;EZ-011S-3;EZ-011S-3;EZ-012S-3;EZ-012S-3;EZ-012S-3;;
150300-11000CSJR-NN;;;EZ-011S-3;EZ-011S-3;EZ-012S-3;EZ-012S-3;EZ-012S-3;;
150400-11000CSJR-NN;;;;;EZ-012S-3;EZ-012S-3;EZ-012S-3;EZ-013S-3;
150600-11000CSJR-NN;;;;;;;EZ-014S-3;EZ-015S-3;EZ-074S-3
150800-11000CSJR-NN;;;;;;;;EZ-015S-3;EZ-074S-3
151000-11000CSJR-NN;;;;;;;;EZ-040S-3;EZ-030S-3
151200-11000CSJR-NN;;;;;;;;EZ-040S-3;EZ-030S-3
;EZ-002S-3C;EZ-002S-3C;EZ-003S-3C;EZ-003S-3C;;;;;
;EZ-002S-3C;EZ-002S-3C;EZ-003S-3C;EZ-003S-3C;;;;;
150100-11000SSJR-NN;EZ-008S-3C;EZ-008S-3C;EZ-009S-3C;EZ-009S-3C;EZ-021S-3;EZ-021S-3;EZ-060S-3;;
150150-11000SSJR-NN;EZ-004S-3C;EZ-004S-3C;EZ-005S-3C;EZ-005S-3C;EZ-010S-3C;EZ-010S-3C;EZ-059S-3;;
150200-11000SSJR-NN;EZ-004S-3C;EZ-004S-3C;EZ-005S-3C;EZ-005S-3C;EZ-010S-3C;EZ-010S-3C;EZ-059S-3;;
150250-11000SSJR-NN;;;EZ-011S-3;EZ-011S-3;EZ-012S-3;EZ-012S-3;EZ-012S-3;;
150300-11000SSJR-NN;;;EZ-011S-3;EZ-011S-3;EZ-012S-3;EZ-012S-3;EZ-012S-3;;
150400-11000SSJR-NN;;;;;EZ-012S-3;EZ-012S-3;EZ-012S-3;EZ-013S-3;
150600-11000SSJR-NN;;;;;;;EZ-014S-3;EZ-015S-3;EZ-074S-3
150800-11000SSJR-NN;;;;;;;;EZ-015S-3;EZ-074S-3
151000-11000SSJR-NN;;;;;;;;EZ-040S-3;EZ-030S-3
151200-11000SSJR-NN;;;;;;;;EZ-040S-3;EZ-030S-3
;EZ-002S-3C;EZ-002S-3C;EZ-003S-3C;EZ-003S-3C;;;;;
;EZ-002S-3C;EZ-002S-3C;EZ-003S-3C;EZ-003S-3C;;;;;
;EZ-008S-3C;EZ-008S-3C;EZ-009S-3C;EZ-009S-3C;EZ-021S-3;EZ-021S-3;EZ-060S-3;;
;EZ-004S-3C;EZ-004S-3C;EZ-005S-3C;EZ-005S-3C;EZ-010S-3C;EZ-010S-3C;EZ-059S-3;;
;EZ-004S-3C;EZ-004S-3C;EZ-005S-3C;EZ-005S-3C;EZ-010S-3C;EZ-010S-3C;EZ-059S-3;;
;;;EZ-011S-3;EZ-011S-3;EZ-012S-3;EZ-012S-3;EZ-012S-3;EZ-013S-3;
;;;EZ-011S-3;EZ-011S-3;EZ-012S-3;EZ-012S-3;EZ-012S-3;EZ-013S-3;
;;;;;EZ-012S-3;EZ-012S-3;EZ-012S-3;EZ-013S-3;
;;;;;;;EZ-014S-3;EZ-015S-3;EZ-074S-3
;;;;;;;;EZ-015S-3;EZ-074S-3
;;;;;;;;EZ-040S-3;EZ-030S-3
;;;;;;;;EZ-040S-3;EZ-030S-3
;EZ-002S-3C;EZ-002S-3C;EZ-003S-3C;EZ-003S-3C;;;;;
;EZ-008S-3C;EZ-008S-3C;EZ-009S-3C;EZ-009S-3C;;;;;
;EZ-004S-3C;EZ-004S-3C;EZ-029S-3C;EZ-029S-3C;EZ-027S-3C;EZ-027S-3C;EZ-059S-3C;;
;;;EZ-024S-3;EZ-024S-3;EZ-025S-3;EZ-025S-3;EZ-025S-3;;
;;;EZ-024S-3;EZ-024S-3;EZ-025S-3;EZ-025S-3;EZ-025S-3;EZ-026S-3;
;;;EZ-024S-3;EZ-024S-3;EZ-025S-3;EZ-025S-3;EZ-025S-3;EZ-068S-3;EZ-074S-3
;;;;;;;EZ-014S-3;EZ-015S-3;EZ-074S-3
;;;;;;;;EZ-040S-3;EZ-030S-3
;;;;;;;;EZ-040S-3;EZ-030S-3
;EZ-002S-3C;EZ-002S-3C;EZ-003S-3C;EZ-003S-3C;;;;;
;EZ-008S-3C;EZ-008S-3C;EZ-009S-3C;EZ-009S-3C;;;;;
;EZ-004S-3C;EZ-004S-3C;EZ-029S-3C;EZ-029S-3C;EZ-027S-3C;EZ-027S-3C;EZ-059S-3C;;
;;;EZ-024S-3;EZ-024S-3;EZ-025S-3;EZ-025S-3;EZ-025S-3;;
;;;EZ-024S-3;EZ-024S-3;EZ-025S-3;EZ-025S-3;EZ-025S-3;EZ-026S-3;
;;;EZ-024S-3;EZ-024S-3;EZ-025S-3;EZ-025S-3;EZ-025S-3;EZ-068S-3;EZ-074S-3
;;;;;;;EZ-014S-3;EZ-015S-3;EZ-074S-3
;;;;;;;;EZ-040S-3;EZ-030S-3
;;;;;;;;EZ-040S-3;EZ-030S-3
;EZ-212S-3;EZ-212S-3;EZ-213S-3;EZ-213S-3;;;;;
;EZ-212S-3;EZ-212S-3;EZ-213S-3;EZ-213S-3;;;;;
;;;EZ-214S-3;EZ-214S-3;EZ-215S-3;EZ-215S-3;;;
;;;EZ-205D-3 (D Only);EZ-205D-3 (D Only);EZ-216S-3;EZ-216S-3;;;
;;;EZ-205D-3 (D Only);EZ-205D-3 (D Only);EZ-216S-3;EZ-216S-3;;;
;;;;;EZ-217S-3;EZ-217S-3;EZ-217S-3;EZ-218S-3;
;;;;;EZ-209D-3 (D Only);EZ-209D-3 (D Only);EZ-209D-3 (D Only);EZ-219S-3;EZ-220S-3
;;;;;EZ-209D-3 (D Only);EZ-209D-3 (D Only);EZ-209D-3 (D Only);EZ-219S-3;EZ-220S-3
;;;;;EZ-209D-3 (D Only);EZ-209D-3 (D Only);EZ-209D-3 (D Only);EZ-219S-3;EZ-220S-3
