PN;003;005;006;008;012;020;030;050;065;130;180
;EZ-003D-3C;EZ-003D-3C;EZ-003D-3C;;;;;;;;
;EZ-003D-3C;EZ-003D-3C;EZ-003D-3C;;;;;;;;
140050-11000SSRR-NN;EZ-003D-3C;EZ-003D-3C;EZ-003D-3C;;;;;;;;
140075-11000SSRR-NN;EZ-003D-3C;EZ-003D-3C;EZ-003D-3C;;;;;;;;
140100-11000SSRR-NN;EZ-009D-3C;EZ-009D-3C;EZ-009D-3C;EZ-021D-3;EZ-021D-3;EZ-021D-3;;;;;
;EZ-009D-3C;EZ-009D-3C;EZ-009D-3C;EZ-021D-3;EZ-021D-3;EZ-021D-3;;;;;
140150-11000SSRR-NN;EZ-005D-3C;EZ-005D-3C;EZ-005D-3C;EZ-010D-3C;EZ-010D-3C;EZ-010D-3C;;;;;
140200-11000SSRR-NN;EZ-005D-3C;EZ-005D-3C;EZ-005D-3C;EZ-010D-3C;EZ-010D-3C;EZ-010D-3C;;;;;
140250-11000SSRR-NN;EZ-018D-3;EZ-018D-3;EZ-018D-3;EZ-019D-3C;EZ-019D-3C;EZ-019D-3C;;;;;
140300-11000SSRR-NN;EZ-011D-3;EZ-011D-3;EZ-011D-3;EZ-012D-3;EZ-012D-3;EZ-012D-3;EZ-013D-3;EZ-013D-3;EZ-013D-3;;
140400-11000SSRR-NN;;;;EZ-012D-3;EZ-012D-3;EZ-012D-3;EZ-013D-3;EZ-013D-3;EZ-013D-3;;
;;;;;;;EZ-015D-3;EZ-015D-3;EZ-015D-3;EZ-016D-3;EZ-016D-3
;;;;;;;EZ-015D-3;EZ-015D-3;EZ-015D-3;EZ-016D-3;EZ-016D-3
;EZ-003D-3C;EZ-003D-3C;EZ-003D-3C;;;;;;;;
;EZ-003D-3C;EZ-003D-3C;EZ-003D-3C;;;;;;;;
140050-11000CSRR-NN;EZ-003D-3C;EZ-003D-3C;EZ-003D-3C;;;;;;;;
140075-11000CSRR-NN;EZ-003D-3C;EZ-003D-3C;EZ-003D-3C;;;;;;;;
140100-11000CSRR-NN;EZ-009D-3C;EZ-009D-3C;EZ-009D-3C;EZ-021D-3;EZ-021D-3;EZ-021D-3;;;;;
;EZ-009D-3C;EZ-009D-3C;EZ-009D-3C;EZ-021D-3;EZ-021D-3;EZ-021D-3;;;;;
140150-11000CSRR-NN;EZ-005D-3C;EZ-005D-3C;EZ-005D-3C;EZ-010D-3C;EZ-010D-3C;EZ-010D-3C;;;;;
140200-11000CSRR-NN;EZ-005D-3C;EZ-005D-3C;EZ-005D-3C;EZ-010D-3C;EZ-010D-3C;EZ-010D-3C;;;;;
140250-11000CSRR-NN;EZ-018D-3;EZ-018D-3;EZ-018D-3;EZ-019D-3C;EZ-019D-3C;EZ-019D-3C;;;;;
140300-11000CSRR-NN;EZ-011D-3;EZ-011D-3;EZ-011D-3;EZ-012D-3;EZ-012D-3;EZ-012D-3;EZ-013D-3;EZ-013D-3;EZ-013D-3;;
140400-11000CSRR-NN;;;;EZ-012D-3;EZ-012D-3;EZ-012D-3;EZ-013D-3;EZ-013D-3;EZ-013D-3;;
;;;;;;;EZ-015D-3;EZ-015D-3;EZ-015D-3;EZ-016D-3;EZ-016D-3
;;;;;;;EZ-015D-3;EZ-015D-3;EZ-015D-3;EZ-016D-3;EZ-016D-3
;EZ-003D-3C;EZ-003D-3C;EZ-003D-3C;;;;;;;;
;EZ-003D-3C;EZ-003D-3C;EZ-003D-3C;;;;;;;;
150100-11000CSJR-NN;EZ-009D-3C;EZ-009D-3C;EZ-009D-3C;EZ-021D-3;EZ-021D-3;EZ-060D-3C;;;;;
150150-11000CSJR-NN;EZ-005D-3C;EZ-005D-3C;EZ-005D-3C;EZ-010D-3C;EZ-010D-3C;EZ-059D-3C;;;;;
150200-11000CSJR-NN;EZ-005D-3C;EZ-005D-3C;EZ-005D-3C;EZ-010D-3C;EZ-010D-3C;EZ-059D-3C;;;;;
150250-11000CSJR-NN;EZ-011D-3;EZ-011D-3;EZ-011D-3;EZ-012D-3;EZ-012D-3;EZ-012D-3;EZ-013D-3;EZ-013D-3;EZ-013D-3;;
150300-11000CSJR-NN;EZ-011D-3;EZ-011D-3;EZ-011D-3;EZ-012D-3;EZ-012D-3;EZ-012D-3;EZ-013D-3;EZ-013D-3;EZ-013D-3;;
150400-11000CSJR-NN;;;;EZ-012D-3;EZ-012D-3;EZ-012D-3;EZ-013D-3;EZ-013D-3;EZ-013D-3;;
150600-11000CSJR-NN;;;;;;;EZ-015D-3;EZ-015D-3;EZ-015D-3;EZ-017D-3;EZ-017D-3
150800-11000CSJR-NN;;;;;;;EZ-015D-3;EZ-015D-3;EZ-015D-3;EZ-017D-3;EZ-017D-3
151000-11000CSJR-NN;;;;;;;EZ-040D-3;EZ-040D-3;EZ-040D-3;EZ-033D-3;EZ-033D-3
151200-11000CSJR-NN;;;;;;;EZ-040D-3;EZ-040D-3;EZ-040D-3;EZ-033D-3;EZ-033D-3
;EZ-003D-3C;EZ-003D-3C;EZ-003D-3C;;;;;;;;
;EZ-003D-3C;EZ-003D-3C;EZ-003D-3C;;;;;;;;
150100-11000SSJR-NN;EZ-009D-3C;EZ-009D-3C;EZ-009D-3C;EZ-021D-3;EZ-021D-3;EZ-060D-3C;;;;;
150150-11000SSJR-NN;EZ-005D-3C;EZ-005D-3C;EZ-005D-3C;EZ-010D-3C;EZ-010D-3C;EZ-059D-3C;;;;;
150200-11000SSJR-NN;EZ-005D-3C;EZ-005D-3C;EZ-005D-3C;EZ-010D-3C;EZ-010D-3C;EZ-059D-3C;;;;;
150250-11000SSJR-NN;EZ-011D-3;EZ-011D-3;EZ-011D-3;EZ-012D-3;EZ-012D-3;EZ-012D-3;EZ-013D-3;EZ-013D-3;EZ-013D-3;;
150300-11000SSJR-NN;EZ-011D-3;EZ-011D-3;EZ-011D-3;EZ-012D-3;EZ-012D-3;EZ-012D-3;EZ-013D-3;EZ-013D-3;EZ-013D-3;;
150400-11000SSJR-NN;;;;EZ-012D-3;EZ-012D-3;EZ-012D-3;EZ-013D-3;EZ-013D-3;EZ-013D-3;;
150600-11000SSJR-NN;;;;;;;EZ-015D-3;EZ-015D-3;EZ-015D-3;EZ-017D-3;EZ-017D-3
150800-11000SSJR-NN;;;;;;;EZ-015D-3;EZ-015D-3;EZ-015D-3;EZ-017D-3;EZ-017D-3
151000-11000SSJR-NN;;;;;;;EZ-040D-3;EZ-040D-3;EZ-040D-3;EZ-033D-3;EZ-033D-3
151200-11000SSJR-NN;;;;;;;EZ-040D-3;EZ-040D-3;EZ-040D-3;EZ-033D-3;EZ-033D-3
;EZ-003D-3C;EZ-003D-3C;EZ-003D-3C;;;;;;;;
;EZ-003D-3C;EZ-003D-3C;EZ-003D-3C;;;;;;;;
;EZ-009D-3C;EZ-009D-3C;EZ-009D-3C;EZ-021D-3;EZ-021D-3;EZ-060D-3C;;;;;
;EZ-005D-3C;EZ-005D-3C;EZ-005D-3C;EZ-010D-3C;EZ-010D-3C;EZ-059D-3C;;;;;
;EZ-005D-3C;EZ-005D-3C;EZ-005D-3C;EZ-010D-3C;EZ-010D-3C;EZ-059D-3C;;;;;
;EZ-011D-3;EZ-011D-3;EZ-011D-3;EZ-012D-3;EZ-012D-3;EZ-012D-3;EZ-013D-3;EZ-013D-3;EZ-013D-3;;
;EZ-011D-3;EZ-011D-3;EZ-011D-3;EZ-012D-3;EZ-012D-3;EZ-012D-3;EZ-013D-3;EZ-013D-3;EZ-013D-3;;
;;;;EZ-012D-3;EZ-012D-3;EZ-012D-3;EZ-013D-3;EZ-013D-3;EZ-013D-3;;
;;;;;;;EZ-015D-3;EZ-015D-3;EZ-015D-3;EZ-017D-3;EZ-017D-3
;;;;;;;EZ-015D-3;EZ-015D-3;EZ-015D-3;EZ-017D-3;EZ-017D-3
;;;;;;;EZ-040D-3;EZ-040D-3;EZ-040D-3;EZ-033D-3;EZ-033D-3
;;;;;;;EZ-040D-3;EZ-040D-3;EZ-040D-3;EZ-033D-3;EZ-033D-3
;EZ-003D-3C;EZ-003D-3C;EZ-003D-3C;;;;;;;;
;EZ-009D-3C;EZ-009D-3C;EZ-009D-3C;;;;;;;;
;EZ-029D-3C;EZ-029D-3C;EZ-029D-3C;EZ-010D-3C;;;;;;;
;EZ-024D-3;EZ-024D-3;EZ-024D-3;EZ-025D-3;EZ-025D-3;EZ-025D-3;;;;;
;EZ-024D-3;EZ-024D-3;EZ-024D-3;EZ-025D-3;EZ-025D-3;EZ-025D-3;EZ-053D-2;EZ-053D-2;EZ-053D-2;;
;EZ-024D-3;EZ-024D-3;EZ-024D-3;EZ-025D-3;EZ-025D-3;EZ-025D-3;EZ-026D-3;EZ-026D-3;EZ-026D-3;;
;;;;;;;EZ-015D-3;EZ-015D-3;EZ-015D-3;EZ-017D-3;EZ-017D-3
;;;;;;;EZ-015D-3;EZ-015D-3;EZ-015D-3;EZ-017D-3;EZ-017D-3
;;;;;;;EZ-040D-3;EZ-040D-3;EZ-040D-3;EZ-033D-3;EZ-033D-3
;EZ-003D-3C;EZ-003D-3C;EZ-003D-3C;;;;;;;;
;EZ-009D-3C;EZ-009D-3C;EZ-009D-3C;;;;;;;;
;EZ-029D-3C;EZ-029D-3C;EZ-029D-3C;EZ-010D-3C;;;;;;;
;EZ-024D-3;EZ-024D-3;EZ-024D-3;EZ-025D-3;EZ-025D-3;EZ-025D-3;;;;;
;EZ-024D-3;EZ-024D-3;EZ-024D-3;EZ-025D-3;EZ-025D-3;EZ-025D-3;EZ-053D-2;EZ-053D-2;EZ-053D-2;;
;EZ-024D-3;EZ-024D-3;EZ-024D-3;EZ-025D-3;EZ-025D-3;EZ-025D-3;EZ-026D-3;EZ-026D-3;EZ-026D-3;;
;;;;;;;EZ-015D-3;EZ-015D-3;EZ-015D-3;EZ-017D-3;EZ-017D-3
;;;;;;;EZ-015D-3;EZ-015D-3;EZ-015D-3;EZ-017D-3;EZ-017D-3
;;;;;;;EZ-040D-3;EZ-040D-3;EZ-040D-3;EZ-033D-3;EZ-033D-3
;EZ-201D-3;EZ-201D-3;EZ-201D-3;;;;;;;;
;EZ-201D-3;EZ-201D-3;EZ-201D-3;;;;;;;;
;EZ-203D-3;EZ-203D-3;EZ-203D-3;EZ-204D-3;EZ-204D-3;EZ-204D-3;;;;;
;EZ-205D-3;EZ-205D-3;EZ-205D-3;EZ-206D-3;EZ-206D-3;EZ-206D-3;;;;;
;EZ-205D-3;EZ-205D-3;EZ-205D-3;EZ-206D-3;EZ-206D-3;EZ-206D-3;;;;;
;;;;EZ-207D-3;EZ-207D-3;EZ-207D-3;EZ-208D-3;EZ-208D-3;EZ-208D-3;Special;Special
;;;;EZ-209D-3;EZ-209D-3;EZ-209D-3;EZ-210D-3;EZ-210D-3;EZ-210D-3;Special;Special
;;;;EZ-209D-3;EZ-209D-3;EZ-209D-3;EZ-210D-3;EZ-210D-3;EZ-210D-3;Special;Special
;;;;EZ-209D-3;EZ-209D-3;EZ-209D-3;EZ-210D-3;EZ-210D-3;EZ-210D-3;Special;Special
